{
    "name": "root",
    "gauges": {
        "MoveToGoalUnlockRayPerception.Policy.Entropy.mean": {
            "value": 2.114351987838745,
            "min": 2.0368096828460693,
            "max": 2.201310157775879,
            "count": 200
        },
        "MoveToGoalUnlockRayPerception.Policy.Entropy.sum": {
            "value": 11766.369140625,
            "min": 8284.859375,
            "max": 14055.671875,
            "count": 200
        },
        "MoveToGoalUnlockRayPerception.Environment.EpisodeLength.mean": {
            "value": 628.8571428571429,
            "min": 70.38709677419355,
            "max": 714.0,
            "count": 200
        },
        "MoveToGoalUnlockRayPerception.Environment.EpisodeLength.sum": {
            "value": 4402.0,
            "min": 713.0,
            "max": 10245.0,
            "count": 200
        },
        "MoveToGoalUnlockRayPerception.Step.mean": {
            "value": 999898.0,
            "min": 4993.0,
            "max": 999898.0,
            "count": 200
        },
        "MoveToGoalUnlockRayPerception.Step.sum": {
            "value": 999898.0,
            "min": 4993.0,
            "max": 999898.0,
            "count": 200
        },
        "MoveToGoalUnlockRayPerception.Policy.ExtrinsicValueEstimate.mean": {
            "value": -0.025310242548584938,
            "min": -0.3422526717185974,
            "max": 0.9036354422569275,
            "count": 200
        },
        "MoveToGoalUnlockRayPerception.Policy.ExtrinsicValueEstimate.sum": {
            "value": -1.037719964981079,
            "min": -14.032360076904297,
            "max": 50.60358428955078,
            "count": 200
        },
        "MoveToGoalUnlockRayPerception.Environment.CumulativeReward.mean": {
            "value": -0.035090586968830655,
            "min": -5.212999944175992,
            "max": 2.159355426207185,
            "count": 200
        },
        "MoveToGoalUnlockRayPerception.Environment.CumulativeReward.sum": {
            "value": -0.24563410878181458,
            "min": -141.61651149392128,
            "max": 17.99061090266332,
            "count": 200
        },
        "MoveToGoalUnlockRayPerception.Policy.ExtrinsicReward.mean": {
            "value": -0.035090586968830655,
            "min": -5.212999944175992,
            "max": 2.159355426207185,
            "count": 200
        },
        "MoveToGoalUnlockRayPerception.Policy.ExtrinsicReward.sum": {
            "value": -0.24563410878181458,
            "min": -141.61651149392128,
            "max": 17.99061090266332,
            "count": 200
        },
        "MoveToGoalUnlockRayPerception.Losses.PolicyLoss.mean": {
            "value": 0.06581960836410872,
            "min": 0.05329219307592818,
            "max": 0.0835454079642659,
            "count": 200
        },
        "MoveToGoalUnlockRayPerception.Losses.PolicyLoss.sum": {
            "value": 0.19745882509232615,
            "min": 0.10658438615185636,
            "max": 0.2268874290622953,
            "count": 200
        },
        "MoveToGoalUnlockRayPerception.Losses.ValueLoss.mean": {
            "value": 0.05412893509694388,
            "min": 0.00042741902305149583,
            "max": 1.3175637192196317,
            "count": 200
        },
        "MoveToGoalUnlockRayPerception.Losses.ValueLoss.sum": {
            "value": 0.16238680529083163,
            "min": 0.0010021168418461457,
            "max": 2.6351274384392633,
            "count": 200
        },
        "MoveToGoalUnlockRayPerception.Policy.LearningRate.mean": {
            "value": 7.674997441999958e-07,
            "min": 7.674997441999958e-07,
            "max": 0.00029902905032365,
            "count": 200
        },
        "MoveToGoalUnlockRayPerception.Policy.LearningRate.sum": {
            "value": 2.3024992325999875e-06,
            "min": 2.3024992325999875e-06,
            "max": 0.0008794323068558999,
            "count": 200
        },
        "MoveToGoalUnlockRayPerception.Policy.Epsilon.mean": {
            "value": 0.1002558,
            "min": 0.1002558,
            "max": 0.19967635000000006,
            "count": 200
        },
        "MoveToGoalUnlockRayPerception.Policy.Epsilon.sum": {
            "value": 0.3007674,
            "min": 0.201564,
            "max": 0.5931441000000001,
            "count": 200
        },
        "MoveToGoalUnlockRayPerception.Policy.Beta.mean": {
            "value": 3.5554419999999865e-05,
            "min": 3.5554419999999865e-05,
            "max": 0.009967667365,
            "count": 200
        },
        "MoveToGoalUnlockRayPerception.Policy.Beta.sum": {
            "value": 0.0001066632599999996,
            "min": 0.0001066632599999996,
            "max": 0.029315095590000007,
            "count": 200
        },
        "MoveToGoalUnlockRayPerception.IsTraining.mean": {
            "value": 1.0,
            "min": 1.0,
            "max": 1.0,
            "count": 200
        },
        "MoveToGoalUnlockRayPerception.IsTraining.sum": {
            "value": 1.0,
            "min": 1.0,
            "max": 1.0,
            "count": 200
        }
    },
    "metadata": {
        "timer_format_version": "0.1.0",
        "start_time_seconds": "1668468560",
        "python_version": "3.8.10 (tags/v3.8.10:3d8993a, May  3 2021, 11:48:03) [MSC v.1928 64 bit (AMD64)]",
        "command_line_arguments": "E:\\Projects\\Github\\GameToolkit\\venv-home\\Scripts\\mlagents-learn Assets\\ML-Agents\\Yaml\\MoveToGoalRP.yaml --run-id=MoveToGoalRP4",
        "mlagents_version": "0.29.0",
        "mlagents_envs_version": "0.29.0",
        "communication_protocol_version": "1.5.0",
        "pytorch_version": "1.13.0+cu117",
        "numpy_version": "1.21.2",
        "end_time_seconds": "1668469434"
    },
    "total": 873.8962599,
    "count": 1,
    "self": 0.004675199999951474,
    "children": {
        "run_training.setup": {
            "total": 0.2907609,
            "count": 1,
            "self": 0.2907609
        },
        "TrainerController.start_learning": {
            "total": 873.6008238000001,
            "count": 1,
            "self": 0.8913763999926232,
            "children": {
                "TrainerController._reset_env": {
                    "total": 7.1860008,
                    "count": 1,
                    "self": 7.1860008
                },
                "TrainerController.advance": {
                    "total": 865.4608025000075,
                    "count": 49019,
                    "self": 0.3998837000023059,
                    "children": {
                        "env_step": {
                            "total": 865.0609188000052,
                            "count": 49019,
                            "self": 651.5138140000206,
                            "children": {
                                "SubprocessEnvManager._take_step": {
                                    "total": 213.09584269999294,
                                    "count": 49019,
                                    "self": 2.2780670999954395,
                                    "children": {
                                        "TorchPolicy.evaluate": {
                                            "total": 210.8177755999975,
                                            "count": 47710,
                                            "self": 71.55002219998985,
                                            "children": {
                                                "TorchPolicy.sample_actions": {
                                                    "total": 139.26775340000765,
                                                    "count": 47710,
                                                    "self": 139.26775340000765
                                                }
                                            }
                                        }
                                    }
                                },