{
    "name": "root",
    "gauges": {
        "MoveToGoalUnlock.Policy.Entropy.mean": {
            "value": 2.087796688079834,
            "min": 2.065377950668335,
            "max": 2.093841552734375,
            "count": 5
        },
        "MoveToGoalUnlock.Policy.Entropy.sum": {
            "value": 104391.921875,
            "min": 103184.21875,
            "max": 106055.5546875,
            "count": 5
        },
        "MoveToGoalUnlock.Step.mean": {
            "value": 249990.0,
            "min": 49959.0,
            "max": 249990.0,
            "count": 5
        },
        "MoveToGoalUnlock.Step.sum": {
            "value": 249990.0,
            "min": 49959.0,
            "max": 249990.0,
            "count": 5
        },
        "MoveToGoalUnlock.Policy.ExtrinsicValueEstimate.mean": {
            "value": 1.2780300378799438,
            "min": -3.7676124572753906,
            "max": 1.2780300378799438,
            "count": 5
        },
        "MoveToGoalUnlock.Policy.ExtrinsicValueEstimate.sum": {
            "value": 1023.7020874023438,
            "min": -3251.449462890625,
            "max": 1023.7020874023438,
            "count": 5
        },
        "MoveToGoalUnlock.Environment.EpisodeLength.mean": {
            "value": 999.0,
            "min": 220.32804232804233,
            "max": 999.0,
            "count": 5
        },
        "MoveToGoalUnlock.Environment.EpisodeLength.sum": {
            "value": 50949.0,
            "min": 41642.0,
            "max": 50949.0,
            "count": 5
        },
        "MoveToGoalUnlock.Environment.CumulativeReward.mean": {
            "value": 17.19143550746216,
            "min": -2.874666580743102,
            "max": 17.19143550746216,
            "count": 5
        },
        "MoveToGoalUnlock.Environment.CumulativeReward.sum": {
            "value": 876.7632108805701,
            "min": -543.3119837604463,
            "max": 876.7632108805701,
            "count": 5
        },
        "MoveToGoalUnlock.Policy.ExtrinsicReward.mean": {
            "value": 17.19143550746216,
            "min": -2.874666580743102,
            "max": 17.19143550746216,
            "count": 5
        },
        "MoveToGoalUnlock.Policy.ExtrinsicReward.sum": {
            "value": 876.7632108805701,
            "min": -543.3119837604463,
            "max": 876.7632108805701,
            "count": 5
        },
        "MoveToGoalUnlock.Losses.PolicyLoss.mean": {
            "value": 0.02667313709983925,
            "min": 0.024144625812865948,
            "max": 0.02667313709983925,
            "count": 5
        },
        "MoveToGoalUnlock.Losses.PolicyLoss.sum": {
            "value": 0.13336568549919625,
            "min": 0.1032201289946291,
            "max": 0.13336568549919625,
            "count": 5
        },
        "MoveToGoalUnlock.Losses.ValueLoss.mean": {
            "value": 0.43988331298033395,
            "min": 0.25581976294517517,
            "max": 0.43988331298033395,
            "count": 5
        },
        "MoveToGoalUnlock.Losses.ValueLoss.sum": {
            "value": 2.1994165649016697,
            "min": 1.279098814725876,
            "max": 2.1994165649016697,
            "count": 5
        },
        "MoveToGoalUnlock.Policy.LearningRate.mean": {
            "value": 0.00016418236527255997,
            "min": 0.00016418236527255997,
            "max": 0.00028459155513615,
            "count": 5
        },
        "MoveToGoalUnlock.Policy.LearningRate.sum": {
            "value": 0.0008209118263627998,
            "min": 0.0008209118263627998,
            "max": 0.0012842412719196,
            "count": 5
        },
        "MoveToGoalUnlock.Policy.Epsilon.mean": {
            "value": 0.15472744,
            "min": 0.15472744,
            "max": 0.19486385000000003,
            "count": 5
        },
        "MoveToGoalUnlock.Policy.Epsilon.sum": {
            "value": 0.7736371999999999,
            "min": 0.7736371999999999,
            "max": 0.9280804000000002,
            "count": 5
        },
        "MoveToGoalUnlock.Policy.Beta.mean": {
            "value": 0.0027408992560000005,
            "min": 0.0027408992560000005,
            "max": 0.004743706115,
            "count": 5
        },
        "MoveToGoalUnlock.Policy.Beta.sum": {
            "value": 0.013704496280000002,
            "min": 0.013704496280000002,
            "max": 0.021411211960000003,
            "count": 5
        },
        "MoveToGoalUnlock.IsTraining.mean": {
            "value": 1.0,
            "min": 1.0,
            "max": 1.0,
            "count": 5
        },
        "MoveToGoalUnlock.IsTraining.sum": {
            "value": 1.0,
            "min": 1.0,
            "max": 1.0,
            "count": 5
        }
    },
    "metadata": {
        "timer_format_version": "0.1.0",
        "start_time_seconds": "1668213082",
        "python_version": "3.8.10 (tags/v3.8.10:3d8993a, May  3 2021, 11:48:03) [MSC v.1928 64 bit (AMD64)]",
        "command_line_arguments": "E:\\Projects\\Github\\GameToolkit\\venv-home\\Scripts\\mlagents-learn --run-id=MoveToGoalUnlock --force",
        "mlagents_version": "0.29.0",
        "mlagents_envs_version": "0.29.0",
        "communication_protocol_version": "1.5.0",
        "pytorch_version": "1.13.0+cu117",
        "numpy_version": "1.21.2",
        "end_time_seconds": "1668213329"
    },
    "total": 246.9800115,
    "count": 1,
    "self": 0.003480099999990216,
    "children": {
        "run_training.setup": {
            "total": 0.029476999999999975,
            "count": 1,
            "self": 0.029476999999999975
        },
        "TrainerController.start_learning": {
            "total": 246.94705439999998,
            "count": 1,
            "self": 0.2011988000011229,
            "children": {
                "TrainerController._reset_env": {
                    "total": 6.6990456,
                    "count": 1,
                    "self": 6.6990456
                },
                "TrainerController.advance": {
                    "total": 239.96238339999883,
                    "count": 14501,
                    "self": 0.18142099999809602,
                    "children": {
                        "env_step": {
                            "total": 185.9124657999997,
                            "count": 14501,
                            "self": 144.82677840000034,
                            "children": {
                                "SubprocessEnvManager._take_step": {
                                    "total": 40.9626319999994,
                                    "count": 14501,
                                    "self": 0.5600375999989922,
                                    "children": {
                                        "TorchPolicy.evaluate": {
                                            "total": 40.40259440000041,
                                            "count": 14224,
                                            "self": 16.167160399999325,
                                            "children": {
                                                "TorchPolicy.sample_actions": {
                                                    "total": 24.235434000001085,
                                                    "count": 14224,
                                                    "self": 24.235434000001085
                                                }
                                            }
                                        }
                                    }
                                },
                                "workers": {
                                    "total": 0.12305539999994863,
                                    "count": 14500,
                                    "self": 0.0,
                                    "children": {
                                        "worker_root": {
                                            "total": 238.09383360000234,