{
    "name": "root",
    "gauges": {
        "MoveToGoal.Policy.Entropy.mean": {
            "value": 2.9767026901245117,
            "min": 2.9767026901245117,
            "max": 3.0177805423736572,
            "count": 4
        },
        "MoveToGoal.Policy.Entropy.sum": {
            "value": 148588.0625,
            "min": 148051.71875,
            "max": 152666.5,
            "count": 4
        },
        "MoveToGoal.Step.mean": {
            "value": 199995.0,
            "min": 49993.0,
            "max": 199995.0,
            "count": 4
        },
        "MoveToGoal.Step.sum": {
            "value": 199995.0,
            "min": 49993.0,
            "max": 199995.0,
            "count": 4
        },
        "MoveToGoal.Policy.ExtrinsicValueEstimate.mean": {
            "value": 0.9058749675750732,
            "min": 0.809215247631073,
            "max": 1.202465534210205,
            "count": 4
        },
        "MoveToGoal.Policy.ExtrinsicValueEstimate.sum": {
            "value": 2851.6943359375,
            "min": 1003.576904296875,
            "max": 2851.6943359375,
            "count": 4
        },
        "MoveToGoal.Environment.EpisodeLength.mean": {
            "value": 14.881194409148666,
            "min": 14.881194409148666,
            "max": 288.8,
            "count": 4
        },
        "MoveToGoal.Environment.EpisodeLength.sum": {
            "value": 46846.0,
            "min": 46846.0,
            "max": 51702.0,
            "count": 4
        },
        "MoveToGoal.Environment.CumulativeReward.mean": {
            "value": 1.0,
            "min": -0.6666666666666666,
            "max": 1.0,
            "count": 4
        },
        "MoveToGoal.Environment.CumulativeReward.sum": {
            "value": 3148.0,
            "min": -110.0,
            "max": 3148.0,
            "count": 4
        },
        "MoveToGoal.Policy.ExtrinsicReward.mean": {
            "value": 1.0,
            "min": -0.6666666666666666,
            "max": 1.0,
            "count": 4
        },
        "MoveToGoal.Policy.ExtrinsicReward.sum": {
            "value": 3148.0,
            "min": -110.0,
            "max": 3148.0,
            "count": 4
        },
        "MoveToGoal.Losses.PolicyLoss.mean": {
            "value": 0.021841367358186592,
            "min": 0.02132985557701128,
            "max": 0.027223911791649395,
            "count": 4
        },
        "MoveToGoal.Losses.PolicyLoss.sum": {
            "value": 0.10920683679093296,
            "min": 0.1066492778850564,
            "max": 0.12014284402393968,
            "count": 4
        },
        "MoveToGoal.Losses.ValueLoss.mean": {
            "value": 0.0006173949349128331,
            "min": 0.0006173949349128331,
            "max": 0.08497291042779884,
            "count": 4
        },
        "MoveToGoal.Losses.ValueLoss.sum": {
            "value": 0.0030869746745641655,
            "min": 0.0030869746745641655,
            "max": 0.33989164171119535,
            "count": 4
        },
        "MoveToGoal.Policy.LearningRate.mean": {
            "value": 0.00019520715493095996,
            "min": 0.00019520715493095996,
            "max": 0.0002845836051388,
            "count": 4
        },
        "MoveToGoal.Policy.LearningRate.sum": {
            "value": 0.0009760357746547998,
            "min": 0.0009760357746547998,
            "max": 0.0012841722719426,
            "count": 4
        },
        "MoveToGoal.Policy.Epsilon.mean": {
            "value": 0.16506904000000006,
            "min": 0.16506904000000006,
            "max": 0.1948612,
            "count": 4
        },
        "MoveToGoal.Policy.Epsilon.sum": {
            "value": 0.8253452000000002,
            "min": 0.7794448,
            "max": 0.9280574000000003,
            "count": 4
        },
        "MoveToGoal.Policy.Beta.mean": {
            "value": 0.0032569450960000003,
            "min": 0.0032569450960000003,
            "max": 0.004743573879999999,
            "count": 4
        },
        "MoveToGoal.Policy.Beta.sum": {
            "value": 0.01628472548,
            "min": 0.01628472548,
            "max": 0.02141006426,
            "count": 4
        },
        "MoveToGoal.IsTraining.mean": {
            "value": 1.0,
            "min": 1.0,
            "max": 1.0,
            "count": 4
        },
        "MoveToGoal.IsTraining.sum": {
            "value": 1.0,
            "min": 1.0,
            "max": 1.0,
            "count": 4
        }
    },
    "metadata": {
        "timer_format_version": "0.1.0",
        "start_time_seconds": "1668176786",
        "python_version": "3.8.10 (tags/v3.8.10:3d8993a, May  3 2021, 11:48:03) [MSC v.1928 64 bit (AMD64)]",
        "command_line_arguments": "E:\\Projects\\Github\\GameToolkit\\venv-uni\\Scripts\\mlagents-learn --run-id=New1 --force",
        "mlagents_version": "0.29.0",
        "mlagents_envs_version": "0.29.0",
        "communication_protocol_version": "1.5.0",
        "pytorch_version": "1.13.0+cu116",
        "numpy_version": "1.21.2",
        "end_time_seconds": "1668177063"
    },
    "total": 276.7505278,
    "count": 1,
    "self": 0.00789559999998346,
    "children": {
        "run_training.setup": {
            "total": 0.17554340000000002,
            "count": 1,
            "self": 0.17554340000000002
        },
        "TrainerController.start_learning": {
            "total": 276.5670888,
            "count": 1,
            "self": 0.2924214000003076,
            "children": {
                "TrainerController._reset_env": {
                    "total": 12.4142173,
                    "count": 1,
                    "self": 12.4142173
                },
                "TrainerController.advance": {
                    "total": 263.6867306999997,
                    "count": 13512,
                    "self": 0.2899053999980765,
                    "children": {
                        "env_step": {
                            "total": 190.87277509999987,
                            "count": 13512,
                            "self": 146.58569160000002,
                            "children": {
                                "SubprocessEnvManager._take_step": {
                                    "total": 44.11235709999938,
                                    "count": 13512,
                                    "self": 0.7755184999993432,
                                    "children": {
                                        "TorchPolicy.evaluate": {
                                            "total": 43.336838600000036,
                                            "count": 9927,
                                            "self": 19.374567899999775,
                                            "children": {
                                                "TorchPolicy.sample_actions": {
                                                    "total": 23.96227070000026,
                                                    "count": 9927,
                                                    "self": 23.96227070000026
                                                }
                                            }
                                        }
                                    }
                                },
                                "workers": {
                                    "total": 0.1747264000004609,
                                    "count": 13511,
                                    "self": 0.0,
                                    "children": {
                                        "worker_root": {
                                            "total": 262.5307196000012,
                                            "count": 13511,
                                            "is_parallel": true,
                                            "self": 139.84217890000036,