{"count":1,"self":340.79377919999996,"total":877.21184829999993,"children":{"InitializeActuators":{"count":21,"self":0.0020019,"total":0.0020019,"children":null},"InitializeSensors":{"count":21,"self":0.002002,"total":0.002002,"children":null},"AgentSendState":{"count":333851,"self":26.799350399999998,"total":77.5451362,"children":{"CollectObservations":{"count":1001553,"self":6.2421212,"total":6.2421212,"children":null},"WriteActionMask":{"count":1001553,"self":2.6586116,"total":2.6586116,"children":null},"RequestDecision":{"count":1001553,"self":7.9960416,"total":41.8450522,"children":{"AgentInfo.ToProto":{"count":1001553,"self":6.6142683999999994,"total":33.849010199999995,"children":{"GenerateSensorData":{"count":1001553,"self":23.3360208,"total":27.234741699999997,"children":{"RayPerceptionSensor.Perceive":{"count":1001553,"self":3.8987203999999998,"total":3.8987205,"children":null}}}}}}}}},"DecideAction":{"count":333851,"self":445.1530752,"total":445.1530975,"children":null},"AgentAct":{"count":333851,"self":13.5258208,"total":13.572117599999999,"children":{"AgentInfo.ToProto":{"count":834,"self":0.013543099999999999,"total":0.0462963,"children":{"GenerateSensorData":{"count":834,"self":0.0304579,"total":0.032753199999999996,"children":{"RayPerceptionSensor.Perceive":{"count":834,"self":0.0022952999999999997,"total":0.0022952999999999997,"children":null}}}}}}},"AgentInfo.ToProto":{"count":2726,"self":0.0372626,"total":0.1427211,"children":{"GenerateSensorData":{"count":2726,"self":0.096441699999999991,"total":0.1054585,"children":{"RayPerceptionSensor.Perceive":{"count":2726,"self":0.0090168,"total":0.0090168,"children":null}}}}}},"gauges":{"MoveToGoalUnlockRayPerception.CumulativeReward":{"count":3560,"max":72.32667,"min":-2.01580262,"runningAverage":13.8082037,"value":42.95806,"weightedAverage":34.830555}},"metadata":{"timer_format_version":"0.1.0","start_time_seconds":"1668469962","unity_version":"2021.1.18f1","command_line_arguments":"C:\\Program Files\\Unity\\Hub\\Editor\\2021.1.18f1\\Editor\\Unity.exe -projectpath E:\\Projects\\Github\\GameToolkit -useHub -hubIPC -cloudEnvironment production -licensingIpc LicenseClient-craig -hubSessionId ac9d87c0-645b-11ed-b409-f5dce5043bc1","communication_protocol_version":"1.5.0","com.unity.ml-agents_version":"2.2.1-exp.1","scene_name":"Main-MachineLearning3","end_time_seconds":"1668470839"}}