{"count":1,"self":334.01408,"total":335.5707703,"children":{"InitializeActuators":{"count":1,"self":0.0010008999999999999,"total":0.0010008999999999999,"children":null},"InitializeSensors":{"count":1,"self":0.0015007999999999998,"total":0.0015007999999999998,"children":null},"AgentSendState":{"count":16551,"self":0.088352699999999992,"total":0.1188646,"children":{"CollectObservations":{"count":2365,"self":0.008438,"total":0.008438,"children":null},"WriteActionMask":{"count":2365,"self":0.0030058,"total":0.0030058,"children":null},"RequestDecision":{"count":2365,"self":0.019068099999999998,"total":0.019068099999999998,"children":null}}},"DecideAction":{"count":16551,"self":1.3775416,"total":1.3831476,"children":{"RayPerceptionSensor.Perceive":{"count":2365,"self":0.005606,"total":0.005606,"children":null}}},"AgentAct":{"count":16551,"self":0.051668399999999996,"total":0.051668399999999996,"children":null}},"gauges":{"MoveToGoalUnlockRPMulti.CumulativeReward":{"count":19,"max":7.705226,"min":0.687372446,"runningAverage":3.150047,"value":0.687372446,"weightedAverage":2.33077288}},"metadata":{"timer_format_version":"0.1.0","start_time_seconds":"1669208718","unity_version":"2021.1.18f1","command_line_arguments":"C:\\Program Files\\Unity\\Hub\\Editor\\2021.1.18f1\\Editor\\Unity.exe -projectpath E:\\Projects\\Github\\GameToolkit -useHub -hubIPC -cloudEnvironment production -licensingIpc LicenseClient-craig -hubSessionId 005042f0-6b27-11ed-b4f7-017eb3827117","communication_protocol_version":"1.5.0","com.unity.ml-agents_version":"2.2.1-exp.1","scene_name":"Main-MachineLearning4-multiKeyWalls","end_time_seconds":"1669209053"}}