{
    "name": "root",
    "metadata": {
        "timer_format_version": "0.1.0",
        "start_time_seconds": "1668113414",
        "python_version": "3.8.10 (tags/v3.8.10:3d8993a, May  3 2021, 11:48:03) [MSC v.1928 64 bit (AMD64)]",
        "command_line_arguments": "E:\\Projects\\Github\\GameSaverToolkit\\venv\\Scripts\\mlagents-learn --force",
        "mlagents_version": "0.29.0",
        "mlagents_envs_version": "0.29.0",
        "communication_protocol_version": "1.5.0",
        "pytorch_version": "1.13.0+cu117",
        "numpy_version": "1.21.2",
        "end_time_seconds": "1668113677"
    },
    "total": 262.7987676,
    "count": 1,
    "self": 0.0033746999999948457,
    "children": {
        "run_training.setup": {
            "total": 0.03051819999999994,
            "count": 1,
            "self": 0.03051819999999994
        },
        "TrainerController.start_learning": {
            "total": 262.7648747,
            "count": 1,
            "self": 0.3137981000002128,
            "children": {
                "TrainerController._reset_env": {
                    "total": 8.2961831,
                    "count": 1,
                    "self": 8.2961831
                },
                "TrainerController.advance": {
                    "total": 254.0626955999998,
                    "count": 25811,
                    "self": 0.2629104000004929,
                    "children": {
                        "env_step": {
                            "total": 249.22967139999838,
                            "count": 25811,
                            "self": 171.02122089999546,
                            "children": {
                                "SubprocessEnvManager._take_step": {
                                    "total": 78.02069190000248,
                                    "count": 25811,
                                    "self": 0.8002217000025666,
                                    "children": {
                                        "TorchPolicy.evaluate": {
                                            "total": 77.22047019999991,
                                            "count": 25754,
                                            "self": 33.40342669999652,
                                            "children": {
                                                "TorchPolicy.sample_actions": {
                                                    "total": 43.817043500003386,
                                                    "count": 25754,
                                                    "self": 43.817043500003386
                                                }
                                            }
                                        }
                                    }
                                },
                                "workers": {
                                    "total": 0.1877586000004321,
                                    "count": 25810,
                                    "self": 0.0,
                                    "children": {
                                        "worker_root": {
                                            "total": 192.1875934999998,
                                            "count": 25810,
                                            "is_parallel": true,
                                            "self": 96.82229420000189,
                                            "children": {
                                                "steps_from_proto": {
                                                    "total": 0.0003216999999997583,
                                                    "count": 1,
                                                    "is_parallel": true,
                                                    "self": 0.00018669999999954,
                                                    "children": {
                                                        "_process_rank_one_or_two_observation": {
                                                            "total": 0.00013500000000021828,
                                                            "count": 2,
                                                            "is_parallel": true,
                                                            "self": 0.00013500000000021828
                                                        }
                                                    }
                                                },
                                                "UnityEnvironment.step": {
                                                    "total": 95.3649775999979,
                                                    "count": 25810,
                                                    "is_parallel": true,
                                                    "self": 1.048082700000208,
                                                    "children": {
                                                        "UnityEnvironment._generate_step_input": {
                                                            "total": 0.9283048999985439,
                                                            "count": 25810,
                                                            "is_parallel": true,
                                                            "self": 0.9283048999985439
                                                        },
                                                        "communicator.exchange": {
                                                            "total": 89.7082090000006,
                                                            "count": 25810,
                                                            "is_parallel": true,
                                                            "self": 89.7082090000006
                                                        },
                                                        "steps_from_proto": {
                                                            "total": 3.6803809999985546,
                                                            "count": 25810,
                                                            "is_parallel": true,
                                                            "self": 2.4479343000008082,
                                                            "children": {
                                                                "_process_rank_one_or_two_observation": {
                                                                    "total": 1.2324466999977464,
                                                                    "count": 51620,
                                                                    "is_parallel": true,
                                                                    "self": 1.2324466999977464
                                                                }
                                                            }
                                                        }
                                                    }
                                                }
                                            }
                                        }
                                    }
                                }
                            }
                        },
                        "trainer_advance": {
                            "total": 4.570113800000939,
                            "count": 25810,
                            "self": 0.3264944999997361,
                            "children": {
                                "process_trajectory": {
                                    "total": 1.6713306000012018,
                                    "count": 25810,
                                    "self": 1.6713306000012018
                                },
                                "_update_policy": {
                                    "total": 2.5722887000000014,