{
    "name": "root",
    "gauges": {
        "MoveToGoalUnlockRayPerception.Policy.Entropy.mean": {
            "value": 1.9085088968276978,
            "min": 1.8731693029403687,
            "max": 2.108264446258545,
            "count": 200
        },
        "MoveToGoalUnlockRayPerception.Policy.Entropy.sum": {
            "value": 8857.3896484375,
            "min": 7753.6318359375,
            "max": 13149.24609375,
            "count": 200
        },
        "MoveToGoalUnlockRayPerception.Environment.EpisodeLength.mean": {
            "value": 550.0,
            "min": 71.27397260273973,
            "max": 693.6666666666666,
            "count": 200
        },
        "MoveToGoalUnlockRayPerception.Environment.EpisodeLength.sum": {
            "value": 3850.0,
            "min": 1526.0,
            "max": 9937.0,
            "count": 200
        },
        "MoveToGoalUnlockRayPerception.Step.mean": {
            "value": 999929.0,
            "min": 4997.0,
            "max": 999929.0,
            "count": 200
        },
        "MoveToGoalUnlockRayPerception.Step.sum": {
            "value": 999929.0,
            "min": 4997.0,
            "max": 999929.0,
            "count": 200
        },
        "MoveToGoalUnlockRayPerception.Policy.ExtrinsicValueEstimate.mean": {
            "value": 5.555693626403809,
            "min": -1.4620895385742188,
            "max": 6.040935516357422,
            "count": 200
        },
        "MoveToGoalUnlockRayPerception.Policy.ExtrinsicValueEstimate.sum": {
            "value": 238.8948211669922,
            "min": -121.35343170166016,
            "max": 317.6774597167969,
            "count": 200
        },
        "MoveToGoalUnlockRayPerception.Environment.CumulativeReward.mean": {
            "value": 34.70306105613709,
            "min": -0.8987496653872151,
            "max": 40.777158096432686,
            "count": 200
        },
        "MoveToGoalUnlockRayPerception.Environment.CumulativeReward.sum": {
            "value": 347.03061056137085,
            "min": -55.72247925400734,
            "max": 507.06391113996506,
            "count": 200
        },
        "MoveToGoalUnlockRayPerception.Policy.ExtrinsicReward.mean": {
            "value": 34.70306105613709,
            "min": -0.8987496653872151,
            "max": 40.777158096432686,
            "count": 200
        },
        "MoveToGoalUnlockRayPerception.Policy.ExtrinsicReward.sum": {
            "value": 347.03061056137085,
            "min": -55.72247925400734,
            "max": 507.06391113996506,
            "count": 200
        },
        "MoveToGoalUnlockRayPerception.Losses.PolicyLoss.mean": {
            "value": 0.0655880753273171,
            "min": 0.05315156196756258,
            "max": 0.08270526080256482,
            "count": 200
        },
        "MoveToGoalUnlockRayPerception.Losses.PolicyLoss.sum": {
            "value": 0.1311761506546342,
            "min": 0.10630312393512516,
            "max": 0.2373779128814325,
            "count": 200
        },
        "MoveToGoalUnlockRayPerception.Losses.ValueLoss.mean": {
            "value": 0.5570097781407336,
            "min": 0.02434873033495273,
            "max": 1.0187834629582035,
            "count": 200
        },
        "MoveToGoalUnlockRayPerception.Losses.ValueLoss.sum": {
            "value": 1.1140195562814672,
            "min": 0.04869746066990546,
            "max": 3.0563503888746104,
            "count": 200
        },
        "MoveToGoalUnlockRayPerception.Policy.LearningRate.mean": {
            "value": 7.436497521499984e-07,
            "min": 7.436497521499984e-07,
            "max": 0.00029903295032234997,
            "count": 200
        },
        "MoveToGoalUnlockRayPerception.Policy.LearningRate.sum": {
            "value": 1.4872995042999969e-06,
            "min": 1.4872995042999969e-06,
            "max": 0.0008845449051517,
            "count": 200
        },
        "MoveToGoalUnlockRayPerception.Policy.Epsilon.mean": {
            "value": 0.10024785,
            "min": 0.10024785,
            "max": 0.19967764999999998,
            "count": 200
        },
        "MoveToGoalUnlockRayPerception.Policy.Epsilon.sum": {
            "value": 0.2004957,
            "min": 0.2004957,
            "max": 0.5948483,
            "count": 200
        },
        "MoveToGoalUnlockRayPerception.Policy.Beta.mean": {
            "value": 3.4760214999999947e-05,
            "min": 3.4760214999999947e-05,
            "max": 0.009967797235,
            "count": 200
        },
        "MoveToGoalUnlockRayPerception.Policy.Beta.sum": {
            "value": 6.952042999999989e-05,
            "min": 6.952042999999989e-05,
            "max": 0.02948534517,
            "count": 200
        },
        "MoveToGoalUnlockRayPerception.IsTraining.mean": {
            "value": 1.0,
            "min": 1.0,
            "max": 1.0,
            "count": 200
        },
        "MoveToGoalUnlockRayPerception.IsTraining.sum": {
            "value": 1.0,
            "min": 1.0,
            "max": 1.0,
            "count": 200
        }
    },
    "metadata": {
        "timer_format_version": "0.1.0",
        "start_time_seconds": "1668469958",
        "python_version": "3.8.10 (tags/v3.8.10:3d8993a, May  3 2021, 11:48:03) [MSC v.1928 64 bit (AMD64)]",
        "command_line_arguments": "E:\\Projects\\Github\\GameToolkit\\venv-home\\Scripts\\mlagents-learn Assets\\ML-Agents\\Yaml\\MoveToGoalRP.yaml --run-id=MoveToGoalRP6",
        "mlagents_version": "0.29.0",
        "mlagents_envs_version": "0.29.0",
        "communication_protocol_version": "1.5.0",
        "pytorch_version": "1.13.0+cu117",
        "numpy_version": "1.21.2",
        "end_time_seconds": "1668470839"
    },
    "total": 881.6289012999999,
    "count": 1,
    "self": 0.004204399999935049,
    "children": {
        "run_training.setup": {
            "total": 0.2891604000000001,
            "count": 1,
            "self": 0.2891604000000001
        },
        "TrainerController.start_learning": {
            "total": 881.3355365,
            "count": 1,
            "self": 0.9765795999991269,
            "children": {
                "TrainerController._reset_env": {
                    "total": 5.376427,
                    "count": 1,
                    "self": 5.376427
                },
                "TrainerController.advance": {
                    "total": 874.921850300001,
                    "count": 50610,
                    "self": 0.41329589999509153,
                    "children": {
                        "env_step": {
                            "total": 874.5085544000059,
                            "count": 50610,
                            "self": 655.3731509000229,
                            "children": {
                                "SubprocessEnvManager._take_step": {
                                    "total": 218.6638298999946,
                                    "count": 50610,
                                    "self": 2.3165157999935104,
                                    "children": {
                                        "TorchPolicy.evaluate": {
                                            "total": 216.34731410000109,
                                            "count": 47691,
                                            "self": 70.74761799998623,
                                            "children": {
                                                "TorchPolicy.sample_actions": {
                                                    "total": 145.59969610001485,
                                                    "count": 47691,
                                                    "self": 145.59969610001485
                                                }
                                            }
                                        }
                                    }
                                },